board_size,p_u_n_v_iter,p_u_n_p_iter,p_u_runtime,p_n_v_iter,p_n_p_iter,p_runtime
6,26,4,0.01373,32,2,0.00672
7,44,3,0.01787,68,4,0.01475
10,156,4,0.07598,187,4,0.08377
20,237,8,0.73735,261,25,0.82293
30,231,9,1.75129,442,21,2.63338
