,board_size,v_n_v_iter,v_runtime,p_n_v_iter,p_n_p_iter,p_runtime
0,7,17,0.00912,52,5,0.01458
0,6,4,0.00173,7,2,0.00261
0,6,7,0.00276,12,1,0.00252
0,6,6,0.00199,7,3,0.00300
0,6,18,0.00562,49,4,0.00746
0,6,35,0.01529,19,5,0.00682
0,20,55,0.40103,184,8,0.44400
0,30,62,0.84325,218,9,1.17144
