board_size,p_i_n_v_iter,p_i_n_p_iter,p_i_runtime,p_n_v_iter,p_n_p_iter,p_runtime
6,19,1,0.00431,31,5,0.00966
7,57,5,0.01588,78,5,0.02025
10,155,4,0.06356,162,4,0.07570
20,189,10,0.53469,241,8,0.60211
30,224,11,1.37734,296,11,1.64174
